/*
Navicat MySQL Data Transfer

Source Server         : localhost_3306
Source Server Version : 50515
Source Host           : localhost:3306
Source Database       : kob

Target Server Type    : MYSQL
Target Server Version : 50515
File Encoding         : 65001

Date: 2024-03-25 15:22:06
*/

SET FOREIGN_KEY_CHECKS=0;

-- ----------------------------
-- Table structure for `bot`
-- ----------------------------
DROP TABLE IF EXISTS `bot`;
CREATE TABLE `bot` (
  `id` int(11) NOT NULL AUTO_INCREMENT,
  `user_id` int(11) DEFAULT NULL,
  `title` varchar(100) DEFAULT NULL,
  `description` varchar(1000) DEFAULT NULL,
  `content` varchar(10000) DEFAULT NULL,
  `createtime` datetime DEFAULT NULL,
  `modifytime` datetime DEFAULT NULL,
  PRIMARY KEY (`id`),
  UNIQUE KEY `id` (`id`)
) ENGINE=InnoDB AUTO_INCREMENT=20 DEFAULT CHARSET=utf8;

-- ----------------------------
-- Records of bot
-- ----------------------------
INSERT INTO `bot` VALUES ('2', '2', 'Bot的标题', 'Bot的描述', 'Bot的代码', '2022-11-12 21:22:50', '2022-11-12 21:22:50');
INSERT INTO `bot` VALUES ('3', '2', 'Bot的标题', 'Bot的描述', 'Bot的代码', '2022-11-12 21:22:56', '2022-11-12 21:22:56');
INSERT INTO `bot` VALUES ('7', '1', 'Bot的标题', 'Bot的描述(改)', 'Bot的代码(改)', '2022-11-12 21:37:15', '2022-11-12 23:29:09');
INSERT INTO `bot` VALUES ('8', '1', 'Bot的标题', 'Bot的描述', 'Bot的代码', '2022-11-12 21:37:20', '2022-11-12 21:37:20');
INSERT INTO `bot` VALUES ('9', '1', '123', '123123', '21312312', '2022-11-14 19:39:18', '2022-11-14 19:39:18');
INSERT INTO `bot` VALUES ('10', '1', '1221', '这个用户很懒，啥都没写', '123', '2022-11-14 19:40:56', '2022-11-14 20:27:00');
INSERT INTO `bot` VALUES ('11', '1', '321', '123', '123', '2022-11-14 19:44:56', '2022-11-14 20:27:59');
INSERT INTO `bot` VALUES ('15', '1', 'hello', 'hi', '#include<iostream>\nusing namespace std;\n\nint main()\n{\n    cout << \"hello\" <<endl;\n    return 0;\n}', '2022-11-14 20:36:57', '2022-11-14 20:36:57');
INSERT INTO `bot` VALUES ('16', '1', 'bot1', '这个用户很懒，啥都没写', 'package com.kob.botrunningsystem.utils;\r\n\r\npublic class Bot implements com.kob.botrunningsystem.utils.BotInterface{\r\n    @Override\r\n    public Integer nextMove(String input) {\r\n        return 0;\r\n    }\r\n}\r\n', '2022-12-26 21:13:00', '2022-12-27 22:12:49');
INSERT INTO `bot` VALUES ('17', '2', 'bot2', '这个用户很懒，啥都没写', 'package com.kob.botrunningsystem.utils;\n\npublic class Bot implements com.kob.botrunningsystem.utils.BotInterface{\n    @Override\n    public Integer nextMove(String input) {\n        return 2;\n    }\n}\n', '2022-12-26 21:18:52', '2022-12-27 22:25:14');
INSERT INTO `bot` VALUES ('18', '1', '更强的bot', '这个用户很懒，啥都没写', 'package com.kob.botrunningsystem.utils;\r\n\r\nimport java.io.File;\r\nimport java.io.FileNotFoundException;\r\nimport java.util.ArrayList;\r\nimport java.util.List;\r\nimport java.util.Scanner;\r\n\r\npublic class Bot implements java.util.function.Supplier<Integer>{\r\n    static class Cell{\r\n        public int x , y;\r\n        public Cell(int x , int y){\r\n            this.x = x;\r\n            this.y = y;\r\n        }\r\n    }\r\n\r\n    private boolean check_tail_increasing(int step){   //检查当前回合，判断蛇是否需要变长\r\n        if(step <= 10) return true;\r\n        return step % 3 == 1;\r\n    }\r\n\r\n    public List<Cell> getCells(int sx , int sy , String steps){\r\n        steps = steps.substring(1 , steps.length() - 1);    //去除括号\r\n        List<Cell> res = new ArrayList<>();\r\n\r\n        int [] dx = {-1 , 0 , 1 , 0} , dy = {0 , 1 , 0 , -1};\r\n        int x = sx , y = sy;\r\n        int step = 0;\r\n        res.add(new Cell(x , y));\r\n        for(int i = 0 ; i < steps.length(); i ++){\r\n            int d = steps.charAt(i) - \'0\';\r\n            x += dx[d];\r\n            y += dy[d];\r\n            res.add(new Cell(x , y));\r\n            if(!check_tail_increasing( ++ step)){\r\n                res.remove(0);\r\n            }\r\n        }\r\n        return res;\r\n    }\r\n\r\n    public Integer nextMove(String input) {\r\n        String[] strs = input.split(\"#\");\r\n        int [][] g = new int[13][14];\r\n        for(int i = 0 , k = 0 ; i < 13 ; i ++){\r\n            for(int j = 0 ; j < 14 ; j ++ , k ++){\r\n                if(strs[0].charAt(k) == \'1\'){\r\n                    g[i][j] = 1;\r\n                }\r\n            }\r\n        }\r\n\r\n        int aSx = Integer.parseInt(strs[1]), aSy = Integer.parseInt(strs[2]);\r\n        int bSx = Integer.parseInt(strs[4]), bSy = Integer.parseInt(strs[5]);\r\n\r\n        List<Cell> aCells = getCells(aSx , aSy , strs[3]);\r\n        List<Cell> bCells = getCells(bSx , bSy , strs[6]);\r\n\r\n        for(Cell c : aCells) g[c.x][c.y] = 1;\r\n        for(Cell c : bCells) g[c.x][c.y] = 1;\r\n\r\n        int[] dx = {-1 , 0 , 1 , 0} ,dy = {0 , 1 , 0 , -1};\r\n        for(int i = 0 ; i < 4 ; i ++){\r\n            int x = aCells.get(aCells.size() - 1).x + dx[i];\r\n            int y = aCells.get(aCells.size() - 1).y + dy[i];\r\n            if(x >= 0 && x < 13 && y >= 0 && y < 14 && g[x][y] == 0){\r\n                return i;\r\n            }\r\n        }\r\n        return 0;\r\n    }\r\n\r\n    @Override\r\n    public Integer get() {\r\n        File file = new File(\"input.txt\");\r\n        try {\r\n            Scanner sc = new Scanner(file);\r\n            return nextMove(sc.next());\r\n        } catch (FileNotFoundException e) {\r\n            throw new RuntimeException(e);\r\n        }\r\n    }\r\n}\r\n', '2022-12-27 23:15:03', '2023-03-01 11:01:40');
INSERT INTO `bot` VALUES ('19', '2', '更强的bot', '这个用户很懒，啥都没写', 'package com.kob.botrunningsystem.utils;\n\nimport java.io.File;\nimport java.io.FileNotFoundException;\nimport java.util.ArrayList;\nimport java.util.List;\nimport java.util.Scanner;\n\npublic class Bot implements java.util.function.Supplier<Integer>{\n    static class Cell{\n        public int x , y;\n        public Cell(int x , int y){\n            this.x = x;\n            this.y = y;\n        }\n    }\n\n    private boolean check_tail_increasing(int step){   //检查当前回合，判断蛇是否需要变长\n        if(step <= 10) return true;\n        return step % 3 == 1;\n    }\n\n    public List<Cell> getCells(int sx , int sy , String steps){\n        steps = steps.substring(1 , steps.length() - 1);    //去除括号\n        List<Cell> res = new ArrayList<>();\n\n        int [] dx = {-1 , 0 , 1 , 0} , dy = {0 , 1 , 0 , -1};\n        int x = sx , y = sy;\n        int step = 0;\n        res.add(new Cell(x , y));\n        for(int i = 0 ; i < steps.length(); i ++){\n            int d = steps.charAt(i) - \'0\';\n            x += dx[d];\n            y += dy[d];\n            res.add(new Cell(x , y));\n            if(!check_tail_increasing( ++ step)){\n                res.remove(0);\n            }\n        }\n        return res;\n    }\n\n    public Integer nextMove(String input) {\n        String[] strs = input.split(\"#\");\n        int [][] g = new int[13][14];\n        for(int i = 0 , k = 0 ; i < 13 ; i ++){\n            for(int j = 0 ; j < 14 ; j ++ , k ++){\n                if(strs[0].charAt(k) == \'1\'){\n                    g[i][j] = 1;\n                }\n            }\n        }\n\n        int aSx = Integer.parseInt(strs[1]), aSy = Integer.parseInt(strs[2]);\n        int bSx = Integer.parseInt(strs[4]), bSy = Integer.parseInt(strs[5]);\n\n        List<Cell> aCells = getCells(aSx , aSy , strs[3]);\n        List<Cell> bCells = getCells(bSx , bSy , strs[6]);\n\n        for(Cell c : aCells) g[c.x][c.y] = 1;\n        for(Cell c : bCells) g[c.x][c.y] = 1;\n\n        int[] dx = {-1 , 0 , 1 , 0} ,dy = {0 , 1 , 0 , -1};\n        for(int i = 0 ; i < 4 ; i ++){\n            int x = aCells.get(aCells.size() - 1).x + dx[i];\n            int y = aCells.get(aCells.size() - 1).y + dy[i];\n            if(x >= 0 && x < 13 && y >= 0 && y < 14 && g[x][y] == 0){\n                return i;\n            }\n        }\n        return 0;\n    }\n\n    @Override\n    public Integer get() {\n        File file = new File(\"input.txt\");\n        try {\n            Scanner sc = new Scanner(file);\n            return nextMove(sc.next());\n        } catch (FileNotFoundException e) {\n            throw new RuntimeException(e);\n        }\n    }\n}\n', '2022-12-27 23:15:18', '2023-03-01 11:01:57');

-- ----------------------------
-- Table structure for `record`
-- ----------------------------
DROP TABLE IF EXISTS `record`;
CREATE TABLE `record` (
  `id` int(11) NOT NULL AUTO_INCREMENT,
  `a_id` int(11) DEFAULT NULL,
  `a_sx` int(11) DEFAULT NULL,
  `a_sy` int(11) DEFAULT NULL,
  `b_id` int(11) DEFAULT NULL,
  `b_sx` int(11) DEFAULT NULL,
  `b_sy` int(11) DEFAULT NULL,
  `a_steps` varchar(1000) DEFAULT NULL,
  `b_steps` varchar(1000) DEFAULT NULL,
  `map` varchar(1000) DEFAULT NULL,
  `loser` varchar(10) DEFAULT NULL,
  `createtime` datetime DEFAULT NULL,
  PRIMARY KEY (`id`),
  UNIQUE KEY `id` (`id`)
) ENGINE=InnoDB AUTO_INCREMENT=42 DEFAULT CHARSET=utf8;

-- ----------------------------
-- Records of record
-- ----------------------------
INSERT INTO `record` VALUES ('1', '1', '11', '1', '2', '1', '12', '2', '0', '11111111111111110011000000011100000000100111001000000001100100000010011000000000010110000000000001101000000000011001000000100110000000010011100100000000111000000011001111111111111111', 'A', '2022-12-21 21:42:23');
INSERT INTO `record` VALUES ('2', '1', '11', '1', '2', '1', '12', '3', '2', '11111111111111100100000000011001000000000110101010100001100010001000011000010000100110000000000001100100001000011000010001000110000101010101100000000010011000000000100111111111111111', 'A', '2022-12-21 21:52:38');
INSERT INTO `record` VALUES ('3', '1', '11', '1', '2', '1', '12', '2', '3', '11111111111111110000000000011001010000000110010001010101100000010000011100000000000110100000000101100000000000111000001000000110101010001001100000001010011000000000001111111111111111', 'A', '2022-12-21 21:52:53');
INSERT INTO `record` VALUES ('4', '1', '11', '1', '2', '1', '12', '000', '220', '11111111111111100001000000011000100010000111000000011001100001100100011010000000000110000000000001100000000001011000100110000110011000000011100001000100011000000010000111111111111111', 'B', '2022-12-21 21:58:44');
INSERT INTO `record` VALUES ('5', '1', '11', '1', '2', '1', '12', '', '', '11111111111111100000001001011000000000000110010000100001100001000000011100101000010110000100100001101000010100111000000010000110000100001001100000000000011010010000000111111111111111', 'all', '2022-12-24 21:55:47');
INSERT INTO `record` VALUES ('6', '1', '11', '1', '2', '1', '12', '', '', '11111111111111100000001100011000000000000110000100000011100000000000111001000100101110010000001001110100100010011100000000000111000000100001100000000000011000110000000111111111111111', 'all', '2022-12-24 21:57:40');
INSERT INTO `record` VALUES ('7', '1', '11', '1', '2', '1', '12', '', '', '11111111111111100100000000011100000000001110100010010101100000001000011000000000000110101000010101100000000000011000010000000110101001000101110000000000111000000000100111111111111111', 'all', '2022-12-24 21:59:05');
INSERT INTO `record` VALUES ('8', '1', '11', '1', '2', '1', '12', '', '', '11111111111111100000000010011100100000110110000000000001100000001000111000010100000110000011000001100000101000011100010000000110000000000001101100000100111001000000000111111111111111', 'all', '2022-12-24 22:16:57');
INSERT INTO `record` VALUES ('9', '1', '11', '1', '2', '1', '12', '', '', '11111111111111100000000000011001100000000110100001000001100000000100011100000001001110010100101001110010000000111000100000000110000010000101100000000110011000000000000111111111111111', 'all', '2022-12-26 21:25:55');
INSERT INTO `record` VALUES ('10', '1', '11', '1', '2', '1', '12', '', '', '11111111111111100101000000011000000000000110100000110101100000010010011000000100000110000011000001100000100000011001001000000110101100000101100000000000011000000010100111111111111111', 'all', '2022-12-26 21:34:08');
INSERT INTO `record` VALUES ('11', '1', '11', '1', '2', '1', '12', '', '', '11111111111111110000000100011000000000000110000010000001100100100000011011000100100110001000010001100100100011011000000100100110000001000001100000000000011000100000001111111111111111', 'all', '2022-12-26 22:14:18');
INSERT INTO `record` VALUES ('12', '2', '11', '1', '1', '1', '12', '', '', '11111111111111100001100000011000011010100111000100000001100000000000011001000000001110000000000001110000000010011000000000000110000000100011100101011000011000000110000111111111111111', 'all', '2022-12-27 22:10:46');
INSERT INTO `record` VALUES ('13', '1', '11', '1', '2', '1', '12', '', '', '11111111111111111100000000011000100100010110000000000001100000010010011000000010000110010000001001100001000000011001001000000110000000000001101000100100011000000000111111111111111111', 'all', '2022-12-27 22:13:45');
INSERT INTO `record` VALUES ('14', '2', '11', '1', '1', '1', '12', '', '', '11111111111111101100000000011000000000000110000000011001100000101010011001000100000110000011000001100000100010011001010100000110011000000001100000000000011000000000110111111111111111', 'all', '2022-12-27 22:20:05');
INSERT INTO `record` VALUES ('15', '1', '11', '1', '2', '1', '12', '', '', '11111111111111100001000010011010000001001111000000000001110000000001011000000000000110110000001101100000000000011010000000001110000000000011110010000001011001000010000111111111111111', 'all', '2022-12-27 22:22:48');
INSERT INTO `record` VALUES ('16', '1', '11', '1', '2', '1', '12', '', '', '11111111111111100010000100011001000000000110000000000001100000100110011001000100010110000011000001101000100010011001100100000110000000000001100000000010011000100001000111111111111111', 'all', '2022-12-27 22:23:02');
INSERT INTO `record` VALUES ('17', '1', '11', '1', '2', '1', '12', '', '', '11111111111111100100000010011011000000000110010000000001101000010000111000100000001110000000000001110000000100011100001000010110000000001001100000000011011001000000100111111111111111', 'all', '2022-12-27 22:24:36');
INSERT INTO `record` VALUES ('18', '1', '11', '1', '2', '1', '12', '', '', '11111111111111111000010000011000001101000111000010000001100000000000011000000100000110010000001001100000100000011000000000000110000001000011100010110000011000001000011111111111111111', 'all', '2022-12-27 22:25:31');
INSERT INTO `record` VALUES ('19', '1', '11', '1', '2', '1', '12', '', '', '11111111111111110000100000011000000000000110000000110011101101001000011000000000010110000000000001101000000000011000010010110111001100000001100000000000011000000100001111111111111111', 'all', '2022-12-27 22:32:43');
INSERT INTO `record` VALUES ('20', '1', '11', '1', '2', '1', '12', '', '', '11111111111111100011001100011000001000000110000010000001110000000000011100000000000111001000010011100000000000111000000000001110000001000001100000010000011000110011000111111111111111', 'all', '2022-12-27 22:35:41');
INSERT INTO `record` VALUES ('21', '1', '11', '1', '2', '1', '12', '', '', '11111111111111100001000100011000000100100110010000001001100010000000011001000001000111000000000011100010000010011000000001000110010000001001100100100000011000100010000111111111111111', 'all', '2022-12-27 23:04:30');
INSERT INTO `record` VALUES ('22', '1', '11', '1', '2', '1', '12', '', '', '11111111111111100000001101011100000100000110000000000011100001010000111010000000000110000000000001100000000001011100001010000111000000000001100000100000111010110000000111111111111111', 'all', '2022-12-27 23:09:23');
INSERT INTO `record` VALUES ('23', '1', '11', '1', '2', '1', '12', '000000', '222222', '11111111111111100000101000011000000100000110000001000001100001000010011100100000000110100011000101100000000100111001000010000110000010000001100000100000011000010100000111111111111111', 'all', '2022-12-27 23:13:55');
INSERT INTO `record` VALUES ('24', '1', '11', '1', '2', '1', '12', '0111001001000121100', '2303230323032330322', '11111111111111100001000000011000000000000110000100101111100000000010011000010001000110010000001001100010001000011001000000000111110100100001100000000000011000000010000111111111111111', 'A', '2022-12-27 23:15:39');
INSERT INTO `record` VALUES ('25', '1', '11', '1', '2', '1', '12', '1000001000001121101', '3221232230300001110', '11111111111111100000100000011010100000001110001000000001100000000010011010000000001111001000010011110000000001011001000000000110000000010001110000000101011000000100000111111111111111', 'B', '2022-12-30 19:23:38');
INSERT INTO `record` VALUES ('26', '1', '11', '1', '2', '1', '12', '01', '22', '11111111111111100100000010011100100000000111000001000011100000000000011000110000000110000100100001100000001100011000000000000111000010000011100000000100111001000000100111111111111111', 'B', '2023-01-04 20:29:26');
INSERT INTO `record` VALUES ('27', '1', '11', '1', '2', '1', '12', '001000000100111', '223003322211210', '11111111111111100000000000011010000100100110001001001001100010000000111000000000000111000011000011100000000000011100000001000110010010010001100100100001011000000000000111111111111111', 'B', '2023-01-14 21:53:29');
INSERT INTO `record` VALUES ('28', '1', '11', '1', '2', '1', '12', '0103011112211121110003300', '2222300030322122210100000', '11111111111111110000100001011000100000000110000101000001100001010000011001000000000111000000000011100000000010011000001010000110000010100001100000000100011010000100001111111111111111', 'B', '2023-01-14 21:53:50');
INSERT INTO `record` VALUES ('29', '1', '11', '1', '2', '1', '12', '00000000100111111212222230000300', '22222222303000000011222222223030', '11111111111111100000000100011100011000000110000000000001100011010001011010000000000110100000000101100000000001011010001011000110000000000001100000011000111000100000000111111111111111', 'A', '2023-01-22 16:25:09');
INSERT INTO `record` VALUES ('30', '1', '11', '1', '2', '1', '12', '', '', '11111111111111110001000000011100001000100110000000000001100010000000011100000011001110000000000001110011000000111000000001000110000000000001100100010000111000000010001111111111111111', 'all', '2023-01-22 16:40:09');
INSERT INTO `record` VALUES ('31', '1', '11', '1', '2', '1', '12', '000000000011111111121100', '222222222230032230003222', '11111111111111100000000001011000000000000110000000000001101100001100011000110010010110000100100001101001001100011000110000110110000000000001100000000000011010000000000111111111111111', 'A', '2023-01-22 16:42:28');
INSERT INTO `record` VALUES ('32', '1', '11', '1', '2', '1', '12', '', '', '11111111111111111000000000011000000000100110000110000011100110001000011000000010000110000000000001100001000000011000010001100111000001100001100100000000011000000000011111111111111111', 'all', '2023-03-01 11:01:08');
INSERT INTO `record` VALUES ('33', '1', '11', '1', '2', '1', '12', '', '', '11111111111111100010000000011000100100000110000001000001100001010000111100000100000110001000010001100000100000111100001010000110000010000001100000100100011000000001000111111111111111', 'all', '2023-03-01 11:02:12');
INSERT INTO `record` VALUES ('34', '1', '11', '1', '2', '1', '12', '', '', '11111111111111100000001000011100000011000110110000000001100001000000011001000100001110000000000001110000100010011000000010000110000000001101100011000000111000010000000111111111111111', 'all', '2023-03-01 11:04:45');
INSERT INTO `record` VALUES ('35', '2', '11', '1', '1', '1', '12', '', '', '11111111111111100100000000011011011100000111000000000001100000000000011000000100000110010011001001100000100000011000000000000110000000000011100000111011011000000000100111111111111111', 'A', '2023-03-01 11:06:25');
INSERT INTO `record` VALUES ('36', '1', '11', '1', '2', '1', '12', '', '', '11111111111111100000100000011000000000100110000110000001101000000010111000000010000110110000001101100001000000011101000000010110000001100001100100000000011000000100000111111111111111', 'all', '2023-03-01 11:07:21');
INSERT INTO `record` VALUES ('37', '1', '11', '1', '2', '1', '12', '00010000000121110111111222322122', '22232212222300030000032223030010', '11111111111111110011000000011000000000010110000000100101100000100000011000100000001110001000010001110000000100011000000100000110100100000001101000000000011000000011001111111111111111', 'B', '2023-03-01 11:09:34');
INSERT INTO `record` VALUES ('38', '1', '11', '1', '2', '1', '12', '100000000011011112322', '322123221223032212120', '11111111111111101100000100011000000001001111000000100001100000100000011000000000001110010000001001110000000000011000000100000110000100000011110010000000011000100000110111111111111111', 'B', '2023-03-01 11:23:09');
INSERT INTO `record` VALUES ('39', '1', '11', '1', '2', '1', '12', '00000000', '22222220', '11111111111111100000000000011000000010000111001000000001101010100001011000000010000110000111100001100001000000011010000101010110000000010011100001000000011000000000000111111111111111', 'all', '2023-03-01 11:24:19');
INSERT INTO `record` VALUES ('40', '1', '11', '1', '2', '1', '12', '10000000000111111211011', '32212222222230000000000', '11111111111111100000000100011001100100001110000000000001100010000000011000001000000110011011011001100000010000011000000001000110000000000001110000100110011000100000000111111111111111', 'B', '2023-03-01 11:27:19');
INSERT INTO `record` VALUES ('41', '1', '11', '1', '2', '1', '12', '0001000101', '2223030010', '11111111111111100000001000011000100000010111110000000001111000000000011000000000101110000000000001110100000000011000000000011110000000001111101000000100011000010000000111111111111111', 'B', '2023-03-01 12:06:50');

-- ----------------------------
-- Table structure for `user`
-- ----------------------------
DROP TABLE IF EXISTS `user`;
CREATE TABLE `user` (
  `id` int(11) NOT NULL AUTO_INCREMENT,
  `username` varchar(100) DEFAULT NULL,
  `password` varchar(100) DEFAULT NULL,
  `photo` varchar(1000) DEFAULT NULL,
  `rating` int(11) DEFAULT '1500',
  `openid` varchar(200) DEFAULT NULL,
  PRIMARY KEY (`id`),
  UNIQUE KEY `id` (`id`)
) ENGINE=InnoDB AUTO_INCREMENT=8 DEFAULT CHARSET=utf8;

-- ----------------------------
-- Records of user
-- ----------------------------
INSERT INTO `user` VALUES ('1', 'qly', '$2a$10$1jNSjJwv1ZnnCKaYWvxWB.wcjBKDu8dVRVSoLamXkAgGs6tEqJPbK', 'https://cdn.acwing.com/media/user/profile/photo/150655_lg_8d32256772.jpg', '1517', null);
INSERT INTO `user` VALUES ('2', 'qly2', '$2a$10$AGOnk3e4XVikHK9Jh.F2V.7mDHE6n28l/C5p7D94aQo8oYzdUPUy6', 'https://cdn.acwing.com/media/user/profile/photo/1_lg_844c66b332.jpg', '1495', null);
INSERT INTO `user` VALUES ('3', 'qly3', '$2a$10$UdhFY3tz4UL880qSt3cuI.o3lFjVbjV.l1o/JDHGmYoL22F1BX/yy', 'https://cdn.acwing.com/media/user/profile/photo/150655_lg_8d32256772.jpg', '1500', null);
INSERT INTO `user` VALUES ('4', 'qly4', '$2a$10$GXTRWr5EnDy6ofpac.2pHe5R28PuVeo8RKKkfA9.BG.HnV1mW1CBO', 'https://cdn.acwing.com/media/user/profile/photo/150655_lg_8d32256772.jpg', '1500', null);
INSERT INTO `user` VALUES ('5', 'qly5', '$2a$10$Ni87RPc7eWaj/yVYUiNwgulFwLWU2I6.N8.4PTxD2kbA1vIqJrRx6', 'https://cdn.acwing.com/media/user/profile/photo/150655_lg_8d32256772.jpg', '1500', null);
INSERT INTO `user` VALUES ('6', 'qly6', '$2a$10$rKuprTcvMpkpwN3xSKIvSO6X3W0vFx7RczUtq/6YaBQFju8fdl8Uq', 'https://cdn.acwing.com/media/user/profile/photo/150655_lg_8d32256772.jpg', '1500', null);
INSERT INTO `user` VALUES ('7', 'qly7', '$2a$10$sk63Afmv0sjmdPKbAf8IhecrBUDmuRdUAR.17tfoCiDdTnIYzwtzq', 'https://cdn.acwing.com/media/user/profile/photo/150655_lg_8d32256772.jpg', '1500', null);
